0.000000000000000000e+00,-1.000000000000000021e-02,1.000000000000000021e-02,-1.000000000000000021e-02
3.192901611328125000e-02,-5.000000000000000278e-02,2.200000000000000011e-01,-5.000000000000000278e-02
6.452775001525878906e-02,-5.999999999999999778e-02,4.000000000000000222e-01,-5.999999999999999778e-02
9.356880187988281250e-02,-1.000000000000000056e-01,5.400000000000000355e-01,-8.999999999999999667e-02
1.231069564819335938e-01,-1.199999999999999956e-01,6.400000000000000133e-01,-1.199999999999999956e-01
1.523811817169189453e-01,-1.499999999999999944e-01,7.299999999999999822e-01,-1.499999999999999944e-01
1.816811561584472656e-01,-1.900000000000000022e-01,8.000000000000000444e-01,-1.900000000000000022e-01
2.161226272583007812e-01,-2.300000000000000100e-01,8.699999999999999956e-01,-2.300000000000000100e-01
2.458155155181884766e-01,-2.700000000000000178e-01,9.300000000000000488e-01,-2.800000000000000266e-01
2.823817729949951172e-01,-3.200000000000000067e-01,9.799999999999999822e-01,-3.200000000000000067e-01
3.118448257446289062e-01,-3.599999999999999867e-01,1.020000000000000018e+00,-3.599999999999999867e-01
3.469293117523193359e-01,-4.099999999999999756e-01,1.050000000000000044e+00,-4.099999999999999756e-01
3.793857097625732422e-01,-4.400000000000000022e-01,1.080000000000000071e+00,-4.400000000000000022e-01
4.086341857910156250e-01,-4.799999999999999822e-01,1.080000000000000071e+00,-4.899999999999999911e-01
4.383637905120849609e-01,-5.200000000000000178e-01,1.080000000000000071e+00,-5.300000000000000266e-01
4.721069335937500000e-01,-5.600000000000000533e-01,1.090000000000000080e+00,-5.600000000000000533e-01
5.012567043304443359e-01,-5.899999999999999689e-01,1.070000000000000062e+00,-5.999999999999999778e-01
5.353457927703857422e-01,-6.199999999999999956e-01,1.070000000000000062e+00,-6.199999999999999956e-01
5.607514381408691406e-01,-6.500000000000000222e-01,1.050000000000000044e+00,-6.400000000000000133e-01
5.904533863067626953e-01,-6.600000000000000311e-01,1.040000000000000036e+00,-6.600000000000000311e-01
6.193933486938476562e-01,-6.899999999999999467e-01,1.010000000000000009e+00,-6.800000000000000488e-01
6.461770534515380859e-01,-6.999999999999999556e-01,9.899999999999999911e-01,-6.999999999999999556e-01
6.779706478118896484e-01,-7.199999999999999734e-01,9.699999999999999734e-01,-7.199999999999999734e-01
7.076253890991210938e-01,-7.299999999999999822e-01,9.499999999999999556e-01,-7.399999999999999911e-01
7.361128330230712891e-01,-7.399999999999999911e-01,9.300000000000000488e-01,-7.399999999999999911e-01
7.651872634887695312e-01,-7.500000000000000000e-01,9.300000000000000488e-01,-7.600000000000000089e-01
7.966692447662353516e-01,-7.700000000000000178e-01,9.100000000000000311e-01,-7.700000000000000178e-01
8.250072002410888672e-01,-7.800000000000000266e-01,9.100000000000000311e-01,-7.800000000000000266e-01
8.547360897064208984e-01,-7.900000000000000355e-01,9.100000000000000311e-01,-7.900000000000000355e-01
8.811991214752197266e-01,-7.900000000000000355e-01,9.200000000000000400e-01,-8.000000000000000444e-01
9.120955467224121094e-01,-8.000000000000000444e-01,9.300000000000000488e-01,-8.100000000000000533e-01
9.408612251281738281e-01,-8.100000000000000533e-01,9.499999999999999556e-01,-8.100000000000000533e-01
9.691050052642822266e-01,-8.199999999999999512e-01,9.699999999999999734e-01,-8.199999999999999512e-01
9.962534904479980469e-01,-8.299999999999999600e-01,1.000000000000000000e+00,-8.299999999999999600e-01
1.030106067657470703e+00,-8.399999999999999689e-01,1.040000000000000036e+00,-8.399999999999999689e-01
1.059819936752319336e+00,-8.499999999999999778e-01,1.060000000000000053e+00,-8.599999999999999867e-01
1.092869997024536133e+00,-8.699999999999999956e-01,1.110000000000000098e+00,-8.699999999999999956e-01
1.124645471572875977e+00,-8.900000000000000133e-01,1.149999999999999911e+00,-8.900000000000000133e-01
1.153119325637817383e+00,-9.000000000000000222e-01,1.179999999999999938e+00,-9.000000000000000222e-01
1.186210632324218750e+00,-9.399999999999999467e-01,1.219999999999999973e+00,-9.200000000000000400e-01
1.219080448150634766e+00,-9.499999999999999556e-01,1.260000000000000009e+00,-9.399999999999999467e-01
1.250934123992919922e+00,-9.599999999999999645e-01,1.280000000000000027e+00,-9.599999999999999645e-01
1.277684688568115234e+00,-9.899999999999999911e-01,1.310000000000000053e+00,-9.899999999999999911e-01
1.312222242355346680e+00,-1.010000000000000009e+00,1.330000000000000071e+00,-1.010000000000000009e+00
1.343501329421997070e+00,-1.030000000000000027e+00,1.350000000000000089e+00,-1.030000000000000027e+00
1.379509687423706055e+00,-1.040000000000000036e+00,1.350000000000000089e+00,-1.050000000000000044e+00
1.409751176834106445e+00,-1.070000000000000062e+00,1.350000000000000089e+00,-1.070000000000000062e+00
1.445029258728027344e+00,-1.090000000000000080e+00,1.340000000000000080e+00,-1.090000000000000080e+00
1.478605270385742188e+00,-1.100000000000000089e+00,1.320000000000000062e+00,-1.100000000000000089e+00
1.508435964584350586e+00,-1.129999999999999893e+00,1.310000000000000053e+00,-1.120000000000000107e+00
1.543314695358276367e+00,-1.120000000000000107e+00,1.290000000000000036e+00,-1.129999999999999893e+00
1.568840980529785156e+00,-1.139999999999999902e+00,1.270000000000000018e+00,-1.129999999999999893e+00
1.598659992218017578e+00,-1.139999999999999902e+00,1.239999999999999991e+00,-1.139999999999999902e+00
1.632546186447143555e+00,-1.149999999999999911e+00,1.209999999999999964e+00,-1.149999999999999911e+00
1.659907579421997070e+00,-1.149999999999999911e+00,1.179999999999999938e+00,-1.149999999999999911e+00
1.690608739852905273e+00,-1.159999999999999920e+00,1.149999999999999911e+00,-1.149999999999999911e+00
1.718889236450195312e+00,-1.139999999999999902e+00,1.129999999999999893e+00,-1.139999999999999902e+00
1.743629932403564453e+00,-1.120000000000000107e+00,1.110000000000000098e+00,-1.120000000000000107e+00
1.775521278381347656e+00,-1.090000000000000080e+00,1.100000000000000089e+00,-1.090000000000000080e+00
1.803376674652099609e+00,-1.090000000000000080e+00,1.090000000000000080e+00,-1.090000000000000080e+00
1.833823442459106445e+00,-1.090000000000000080e+00,1.080000000000000071e+00,-1.080000000000000071e+00
1.862562656402587891e+00,-1.070000000000000062e+00,1.080000000000000071e+00,-1.070000000000000062e+00
1.887687921524047852e+00,-1.080000000000000071e+00,1.080000000000000071e+00,-1.080000000000000071e+00
1.916777610778808594e+00,-1.080000000000000071e+00,1.090000000000000080e+00,-1.080000000000000071e+00
1.946577310562133789e+00,-1.100000000000000089e+00,1.100000000000000089e+00,-1.100000000000000089e+00
1.977643728256225586e+00,-1.110000000000000098e+00,1.120000000000000107e+00,-1.110000000000000098e+00
2.005639076232910156e+00,-1.129999999999999893e+00,1.149999999999999911e+00,-1.129999999999999893e+00
2.037672042846679688e+00,-1.129999999999999893e+00,1.179999999999999938e+00,-1.129999999999999893e+00
2.068221330642700195e+00,-1.139999999999999902e+00,1.209999999999999964e+00,-1.139999999999999902e+00
2.098462343215942383e+00,-1.139999999999999902e+00,1.239999999999999991e+00,-1.139999999999999902e+00
2.132313251495361328e+00,-1.149999999999999911e+00,1.280000000000000027e+00,-1.139999999999999902e+00
2.157656908035278320e+00,-1.159999999999999920e+00,1.300000000000000044e+00,-1.149999999999999911e+00
2.188153505325317383e+00,-1.169999999999999929e+00,1.330000000000000071e+00,-1.169999999999999929e+00
2.221256256103515625e+00,-1.179999999999999938e+00,1.370000000000000107e+00,-1.179999999999999938e+00
2.250631570816040039e+00,-1.189999999999999947e+00,1.389999999999999902e+00,-1.189999999999999947e+00
2.282441616058349609e+00,-1.189999999999999947e+00,1.409999999999999920e+00,-1.199999999999999956e+00
2.311919689178466797e+00,-1.219999999999999973e+00,1.419999999999999929e+00,-1.219999999999999973e+00
2.346071720123291016e+00,-1.229999999999999982e+00,1.429999999999999938e+00,-1.239999999999999991e+00
2.375653028488159180e+00,-1.250000000000000000e+00,1.429999999999999938e+00,-1.250000000000000000e+00
2.411077022552490234e+00,-1.260000000000000009e+00,1.439999999999999947e+00,-1.260000000000000009e+00
2.444248676300048828e+00,-1.270000000000000018e+00,1.429999999999999938e+00,-1.270000000000000018e+00
2.476887464523315430e+00,-1.280000000000000027e+00,1.409999999999999920e+00,-1.280000000000000027e+00
2.508198976516723633e+00,-1.300000000000000044e+00,1.379999999999999893e+00,-1.290000000000000036e+00
2.542948722839355469e+00,-1.300000000000000044e+00,1.360000000000000098e+00,-1.300000000000000044e+00
2.572081565856933594e+00,-1.300000000000000044e+00,1.330000000000000071e+00,-1.300000000000000044e+00
2.601776599884033203e+00,-1.300000000000000044e+00,1.300000000000000044e+00,-1.300000000000000044e+00
2.632502317428588867e+00,-1.270000000000000018e+00,1.270000000000000018e+00,-1.270000000000000018e+00
2.661719799041748047e+00,-1.239999999999999991e+00,1.239999999999999991e+00,-1.250000000000000000e+00
2.689833164215087891e+00,-1.219999999999999973e+00,1.219999999999999973e+00,-1.219999999999999973e+00
2.719501256942749023e+00,-1.189999999999999947e+00,1.189999999999999947e+00,-1.189999999999999947e+00
2.750872850418090820e+00,-1.169999999999999929e+00,1.169999999999999929e+00,-1.169999999999999929e+00
2.778146505355834961e+00,-1.149999999999999911e+00,1.149999999999999911e+00,-1.149999999999999911e+00
2.808945178985595703e+00,-1.129999999999999893e+00,1.139999999999999902e+00,-1.129999999999999893e+00
2.838332891464233398e+00,-1.120000000000000107e+00,1.120000000000000107e+00,-1.129999999999999893e+00
2.870219230651855469e+00,-1.120000000000000107e+00,1.129999999999999893e+00,-1.120000000000000107e+00
2.903383970260620117e+00,-1.129999999999999893e+00,1.129999999999999893e+00,-1.129999999999999893e+00
2.935607910156250000e+00,-1.149999999999999911e+00,1.149999999999999911e+00,-1.139999999999999902e+00
2.965318441390991211e+00,-1.149999999999999911e+00,1.149999999999999911e+00,-1.159999999999999920e+00
2.996801614761352539e+00,-1.179999999999999938e+00,1.179999999999999938e+00,-1.179999999999999938e+00
3.026762247085571289e+00,-1.199999999999999956e+00,1.199999999999999956e+00,-1.199999999999999956e+00
3.058597564697265625e+00,-1.229999999999999982e+00,1.239999999999999991e+00,-1.229999999999999982e+00
3.091242313385009766e+00,-1.229999999999999982e+00,1.270000000000000018e+00,-1.229999999999999982e+00
3.124090671539306641e+00,-1.229999999999999982e+00,1.300000000000000044e+00,-1.229999999999999982e+00
3.153113603591918945e+00,-1.239999999999999991e+00,1.330000000000000071e+00,-1.239999999999999991e+00
3.188539981842041016e+00,-1.250000000000000000e+00,1.360000000000000098e+00,-1.250000000000000000e+00
3.218040943145751953e+00,-1.260000000000000009e+00,1.399999999999999911e+00,-1.260000000000000009e+00
3.249017000198364258e+00,-1.270000000000000018e+00,1.419999999999999929e+00,-1.260000000000000009e+00
3.283916234970092773e+00,-1.280000000000000027e+00,1.449999999999999956e+00,-1.280000000000000027e+00
3.317035913467407227e+00,-1.290000000000000036e+00,1.449999999999999956e+00,-1.290000000000000036e+00
3.350089788436889648e+00,-1.300000000000000044e+00,1.459999999999999964e+00,-1.300000000000000044e+00
3.381915807723999023e+00,-1.310000000000000053e+00,1.469999999999999973e+00,-1.310000000000000053e+00
3.415219545364379883e+00,-1.320000000000000062e+00,1.459999999999999964e+00,-1.330000000000000071e+00
3.447781801223754883e+00,-1.320000000000000062e+00,1.459999999999999964e+00,-1.330000000000000071e+00
3.480876922607421875e+00,-1.330000000000000071e+00,1.429999999999999938e+00,-1.340000000000000080e+00
3.510838270187377930e+00,-1.340000000000000080e+00,1.409999999999999920e+00,-1.340000000000000080e+00
3.546075820922851562e+00,-1.350000000000000089e+00,1.389999999999999902e+00,-1.340000000000000080e+00
3.573155879974365234e+00,-1.350000000000000089e+00,1.360000000000000098e+00,-1.350000000000000089e+00
3.604386329650878906e+00,-1.320000000000000062e+00,1.320000000000000062e+00,-1.320000000000000062e+00
3.636255264282226562e+00,-1.290000000000000036e+00,1.290000000000000036e+00,-1.290000000000000036e+00
3.665075302124023438e+00,-1.260000000000000009e+00,1.260000000000000009e+00,-1.260000000000000009e+00
3.690301179885864258e+00,-1.229999999999999982e+00,1.239999999999999991e+00,-1.229999999999999982e+00
3.720114946365356445e+00,-1.209999999999999964e+00,1.209999999999999964e+00,-1.209999999999999964e+00
3.750708818435668945e+00,-1.179999999999999938e+00,1.179999999999999938e+00,-1.189999999999999947e+00
3.783823490142822266e+00,-1.159999999999999920e+00,1.169999999999999929e+00,-1.159999999999999920e+00
3.811644554138183594e+00,-1.149999999999999911e+00,1.149999999999999911e+00,-1.149999999999999911e+00
3.840144157409667969e+00,-1.139999999999999902e+00,1.149999999999999911e+00,-1.139999999999999902e+00
3.869700431823730469e+00,-1.139999999999999902e+00,1.139999999999999902e+00,-1.149999999999999911e+00
3.902034044265747070e+00,-1.139999999999999902e+00,1.139999999999999902e+00,-1.139999999999999902e+00
3.930963993072509766e+00,-1.149999999999999911e+00,1.149999999999999911e+00,-1.159999999999999920e+00
3.959561824798583984e+00,-1.179999999999999938e+00,1.169999999999999929e+00,-1.179999999999999938e+00
3.990133762359619141e+00,-1.189999999999999947e+00,1.189999999999999947e+00,-1.189999999999999947e+00
4.020951509475708008e+00,-1.209999999999999964e+00,1.209999999999999964e+00,-1.209999999999999964e+00
4.055294275283813477e+00,-1.250000000000000000e+00,1.250000000000000000e+00,-1.250000000000000000e+00
4.087342739105224609e+00,-1.270000000000000018e+00,1.280000000000000027e+00,-1.270000000000000018e+00
4.119280338287353516e+00,-1.260000000000000009e+00,1.310000000000000053e+00,-1.260000000000000009e+00
4.152307271957397461e+00,-1.260000000000000009e+00,1.340000000000000080e+00,-1.270000000000000018e+00
4.184555530548095703e+00,-1.270000000000000018e+00,1.370000000000000107e+00,-1.280000000000000027e+00
4.213905096054077148e+00,-1.280000000000000027e+00,1.409999999999999920e+00,-1.280000000000000027e+00
4.250606775283813477e+00,-1.300000000000000044e+00,1.429999999999999938e+00,-1.300000000000000044e+00
4.283026933670043945e+00,-1.300000000000000044e+00,1.449999999999999956e+00,-1.310000000000000053e+00
4.312905311584472656e+00,-1.300000000000000044e+00,1.459999999999999964e+00,-1.310000000000000053e+00
4.345155000686645508e+00,-1.330000000000000071e+00,1.469999999999999973e+00,-1.320000000000000062e+00
4.381572246551513672e+00,-1.330000000000000071e+00,1.479999999999999982e+00,-1.330000000000000071e+00
4.414697647094726562e+00,-1.340000000000000080e+00,1.479999999999999982e+00,-1.340000000000000080e+00
4.446225404739379883e+00,-1.350000000000000089e+00,1.469999999999999973e+00,-1.350000000000000089e+00
4.479552507400512695e+00,-1.360000000000000098e+00,1.449999999999999956e+00,-1.350000000000000089e+00
4.509436845779418945e+00,-1.360000000000000098e+00,1.419999999999999929e+00,-1.360000000000000098e+00
4.545649766921997070e+00,-1.360000000000000098e+00,1.389999999999999902e+00,-1.370000000000000107e+00
4.574846744537353516e+00,-1.360000000000000098e+00,1.360000000000000098e+00,-1.370000000000000107e+00
4.602461814880371094e+00,-1.330000000000000071e+00,1.330000000000000071e+00,-1.340000000000000080e+00
4.631366252899169922e+00,-1.310000000000000053e+00,1.300000000000000044e+00,-1.310000000000000053e+00
4.661871671676635742e+00,-1.270000000000000018e+00,1.270000000000000018e+00,-1.270000000000000018e+00
4.692945003509521484e+00,-1.239999999999999991e+00,1.250000000000000000e+00,-1.239999999999999991e+00
4.723679304122924805e+00,-1.209999999999999964e+00,1.209999999999999964e+00,-1.219999999999999973e+00
4.753359556198120117e+00,-1.189999999999999947e+00,1.189999999999999947e+00,-1.189999999999999947e+00
4.781113862991333008e+00,-1.179999999999999938e+00,1.169999999999999929e+00,-1.179999999999999938e+00
4.811937808990478516e+00,-1.169999999999999929e+00,1.159999999999999920e+00,-1.159999999999999920e+00
4.836761713027954102e+00,-1.159999999999999920e+00,1.159999999999999920e+00,-1.149999999999999911e+00
4.869311094284057617e+00,-1.149999999999999911e+00,1.149999999999999911e+00,-1.149999999999999911e+00
4.893865108489990234e+00,-1.149999999999999911e+00,1.149999999999999911e+00,-1.149999999999999911e+00
4.930161952972412109e+00,-1.159999999999999920e+00,1.159999999999999920e+00,-1.159999999999999920e+00
4.958620548248291016e+00,-1.179999999999999938e+00,1.179999999999999938e+00,-1.179999999999999938e+00
4.986862182617187500e+00,-1.189999999999999947e+00,1.199999999999999956e+00,-1.189999999999999947e+00
5.016426086425781250e+00,-1.209999999999999964e+00,1.209999999999999964e+00,-1.219999999999999973e+00
5.045944213867187500e+00,-1.239999999999999991e+00,1.239999999999999991e+00,-1.239999999999999991e+00
5.077072858810424805e+00,-1.270000000000000018e+00,1.270000000000000018e+00,-1.270000000000000018e+00
5.108868122100830078e+00,-1.270000000000000018e+00,1.300000000000000044e+00,-1.280000000000000027e+00
5.138859510421752930e+00,-1.270000000000000018e+00,1.330000000000000071e+00,-1.280000000000000027e+00
5.168518066406250000e+00,-1.280000000000000027e+00,1.360000000000000098e+00,-1.280000000000000027e+00
5.197301864624023438e+00,-1.290000000000000036e+00,1.389999999999999902e+00,-1.290000000000000036e+00
5.226227998733520508e+00,-1.290000000000000036e+00,1.419999999999999929e+00,-1.300000000000000044e+00
5.261019468307495117e+00,-1.300000000000000044e+00,1.439999999999999947e+00,-1.300000000000000044e+00
5.290870428085327148e+00,-1.310000000000000053e+00,1.469999999999999973e+00,-1.300000000000000044e+00
5.319355964660644531e+00,-1.320000000000000062e+00,1.479999999999999982e+00,-1.320000000000000062e+00
5.352160215377807617e+00,-1.330000000000000071e+00,1.489999999999999991e+00,-1.330000000000000071e+00
5.382116794586181641e+00,-1.330000000000000071e+00,1.479999999999999982e+00,-1.340000000000000080e+00
5.417752265930175781e+00,-1.350000000000000089e+00,1.479999999999999982e+00,-1.350000000000000089e+00
5.448362350463867188e+00,-1.350000000000000089e+00,1.459999999999999964e+00,-1.360000000000000098e+00
5.482276201248168945e+00,-1.360000000000000098e+00,1.449999999999999956e+00,-1.370000000000000107e+00
5.512169361114501953e+00,-1.370000000000000107e+00,1.419999999999999929e+00,-1.370000000000000107e+00
5.542119264602661133e+00,-1.370000000000000107e+00,1.389999999999999902e+00,-1.370000000000000107e+00
5.571558713912963867e+00,-1.370000000000000107e+00,1.370000000000000107e+00,-1.370000000000000107e+00
5.600968837738037109e+00,-1.340000000000000080e+00,1.330000000000000071e+00,-1.340000000000000080e+00
5.630478620529174805e+00,-1.310000000000000053e+00,1.310000000000000053e+00,-1.310000000000000053e+00
5.656095743179321289e+00,-1.290000000000000036e+00,1.280000000000000027e+00,-1.280000000000000027e+00
5.685021400451660156e+00,-1.260000000000000009e+00,1.250000000000000000e+00,-1.250000000000000000e+00
5.714516639709472656e+00,-1.219999999999999973e+00,1.219999999999999973e+00,-1.219999999999999973e+00
5.743673563003540039e+00,-1.199999999999999956e+00,1.199999999999999956e+00,-1.199999999999999956e+00
5.772955179214477539e+00,-1.179999999999999938e+00,1.189999999999999947e+00,-1.179999999999999938e+00
5.801966190338134766e+00,-1.159999999999999920e+00,1.169999999999999929e+00,-1.159999999999999920e+00
5.831247806549072266e+00,-1.149999999999999911e+00,1.149999999999999911e+00,-1.149999999999999911e+00
5.856348752975463867e+00,-1.149999999999999911e+00,1.149999999999999911e+00,-1.149999999999999911e+00
5.885669469833374023e+00,-1.149999999999999911e+00,1.149999999999999911e+00,-1.149999999999999911e+00
5.914869546890258789e+00,-1.149999999999999911e+00,1.159999999999999920e+00,-1.149999999999999911e+00
5.944506168365478516e+00,-1.159999999999999920e+00,1.169999999999999929e+00,-1.159999999999999920e+00
5.973117589950561523e+00,-1.179999999999999938e+00,1.189999999999999947e+00,-1.179999999999999938e+00
6.002851963043212891e+00,-1.219999999999999973e+00,1.209999999999999964e+00,-1.209999999999999964e+00
6.033858299255371094e+00,-1.239999999999999991e+00,1.239999999999999991e+00,-1.239999999999999991e+00
6.061544656753540039e+00,-1.260000000000000009e+00,1.260000000000000009e+00,-1.260000000000000009e+00
6.097308635711669922e+00,-1.270000000000000018e+00,1.290000000000000036e+00,-1.270000000000000018e+00
6.130301713943481445e+00,-1.280000000000000027e+00,1.330000000000000071e+00,-1.280000000000000027e+00
6.163098812103271484e+00,-1.280000000000000027e+00,1.360000000000000098e+00,-1.280000000000000027e+00
6.195963382720947266e+00,-1.290000000000000036e+00,1.389999999999999902e+00,-1.290000000000000036e+00
6.227484226226806641e+00,-1.300000000000000044e+00,1.419999999999999929e+00,-1.300000000000000044e+00
6.260017156600952148e+00,-1.300000000000000044e+00,1.439999999999999947e+00,-1.310000000000000053e+00
6.293854236602783203e+00,-1.310000000000000053e+00,1.459999999999999964e+00,-1.310000000000000053e+00
6.327978134155273438e+00,-1.320000000000000062e+00,1.479999999999999982e+00,-1.320000000000000062e+00
6.359794616699218750e+00,-1.340000000000000080e+00,1.489999999999999991e+00,-1.330000000000000071e+00
6.390987634658813477e+00,-1.340000000000000080e+00,1.479999999999999982e+00,-1.350000000000000089e+00
6.424984693527221680e+00,-1.350000000000000089e+00,1.479999999999999982e+00,-1.350000000000000089e+00
6.458508491516113281e+00,-1.360000000000000098e+00,1.459999999999999964e+00,-1.360000000000000098e+00
6.490950584411621094e+00,-1.360000000000000098e+00,1.439999999999999947e+00,-1.360000000000000098e+00
6.522129058837890625e+00,-1.370000000000000107e+00,1.419999999999999929e+00,-1.370000000000000107e+00
6.551878213882446289e+00,-1.370000000000000107e+00,1.379999999999999893e+00,-1.370000000000000107e+00
6.581228017807006836e+00,-1.350000000000000089e+00,1.350000000000000089e+00,-1.360000000000000098e+00
6.608152151107788086e+00,-1.320000000000000062e+00,1.330000000000000071e+00,-1.320000000000000062e+00
6.637385845184326172e+00,-1.290000000000000036e+00,1.290000000000000036e+00,-1.300000000000000044e+00
6.667081832885742188e+00,-1.260000000000000009e+00,1.270000000000000018e+00,-1.270000000000000018e+00
6.692464113235473633e+00,-1.229999999999999982e+00,1.239999999999999991e+00,-1.239999999999999991e+00
6.721544981002807617e+00,-1.219999999999999973e+00,1.219999999999999973e+00,-1.219999999999999973e+00
6.756815433502197266e+00,-1.199999999999999956e+00,1.189999999999999947e+00,-1.199999999999999956e+00
6.786672115325927734e+00,-1.169999999999999929e+00,1.169999999999999929e+00,-1.169999999999999929e+00
6.815150022506713867e+00,-1.169999999999999929e+00,1.159999999999999920e+00,-1.159999999999999920e+00
6.844822168350219727e+00,-1.159999999999999920e+00,1.149999999999999911e+00,-1.159999999999999920e+00
6.875621795654296875e+00,-1.149999999999999911e+00,1.149999999999999911e+00,-1.149999999999999911e+00
6.901933193206787109e+00,-1.149999999999999911e+00,1.149999999999999911e+00,-1.149999999999999911e+00
6.935381174087524414e+00,-1.159999999999999920e+00,1.169999999999999929e+00,-1.159999999999999920e+00
6.966075897216796875e+00,-1.169999999999999929e+00,1.169999999999999929e+00,-1.179999999999999938e+00
6.998382806777954102e+00,-1.209999999999999964e+00,1.199999999999999956e+00,-1.199999999999999956e+00
7.028200626373291016e+00,-1.229999999999999982e+00,1.229999999999999982e+00,-1.239999999999999991e+00
7.064352512359619141e+00,-1.260000000000000009e+00,1.260000000000000009e+00,-1.260000000000000009e+00
7.093359947204589844e+00,-1.270000000000000018e+00,1.290000000000000036e+00,-1.280000000000000027e+00
7.126950979232788086e+00,-1.270000000000000018e+00,1.320000000000000062e+00,-1.280000000000000027e+00
7.157922983169555664e+00,-1.280000000000000027e+00,1.360000000000000098e+00,-1.280000000000000027e+00
7.191133975982666016e+00,-1.280000000000000027e+00,1.389999999999999902e+00,-1.290000000000000036e+00
7.223622322082519531e+00,-1.290000000000000036e+00,1.419999999999999929e+00,-1.290000000000000036e+00
7.252968072891235352e+00,-1.300000000000000044e+00,1.439999999999999947e+00,-1.300000000000000044e+00
7.287650585174560547e+00,-1.310000000000000053e+00,1.459999999999999964e+00,-1.310000000000000053e+00
7.321766614913940430e+00,-1.320000000000000062e+00,1.479999999999999982e+00,-1.320000000000000062e+00
7.350095987319946289e+00,-1.330000000000000071e+00,1.479999999999999982e+00,-1.330000000000000071e+00
7.383386135101318359e+00,-1.340000000000000080e+00,1.479999999999999982e+00,-1.350000000000000089e+00
7.417152881622314453e+00,-1.350000000000000089e+00,1.479999999999999982e+00,-1.350000000000000089e+00
7.446239948272705078e+00,-1.360000000000000098e+00,1.459999999999999964e+00,-1.370000000000000107e+00
7.481775283813476562e+00,-1.360000000000000098e+00,1.439999999999999947e+00,-1.370000000000000107e+00
7.514551639556884766e+00,-1.360000000000000098e+00,1.429999999999999938e+00,-1.370000000000000107e+00
7.543400764465332031e+00,-1.370000000000000107e+00,1.389999999999999902e+00,-1.370000000000000107e+00
7.576530218124389648e+00,-1.360000000000000098e+00,1.360000000000000098e+00,-1.360000000000000098e+00
7.609305858612060547e+00,-1.340000000000000080e+00,1.330000000000000071e+00,-1.330000000000000071e+00
7.638591766357421875e+00,-1.300000000000000044e+00,1.300000000000000044e+00,-1.300000000000000044e+00
7.667376041412353516e+00,-1.260000000000000009e+00,1.270000000000000018e+00,-1.260000000000000009e+00
7.699188470840454102e+00,-1.239999999999999991e+00,1.239999999999999991e+00,-1.239999999999999991e+00
7.729708671569824219e+00,-1.209999999999999964e+00,1.219999999999999973e+00,-1.209999999999999964e+00
7.758228063583374023e+00,-1.189999999999999947e+00,1.189999999999999947e+00,-1.189999999999999947e+00
7.789557456970214844e+00,-1.169999999999999929e+00,1.169999999999999929e+00,-1.169999999999999929e+00
7.817539453506469727e+00,-1.149999999999999911e+00,1.159999999999999920e+00,-1.159999999999999920e+00
7.846008777618408203e+00,-1.149999999999999911e+00,1.149999999999999911e+00,-1.149999999999999911e+00
7.874526739120483398e+00,-1.149999999999999911e+00,1.149999999999999911e+00,-1.149999999999999911e+00
7.903709650039672852e+00,-1.149999999999999911e+00,1.149999999999999911e+00,-1.159999999999999920e+00
7.932944059371948242e+00,-1.169999999999999929e+00,1.159999999999999920e+00,-1.169999999999999929e+00
7.960555076599121094e+00,-1.179999999999999938e+00,1.179999999999999938e+00,-1.179999999999999938e+00
7.990271329879760742e+00,-1.189999999999999947e+00,1.199999999999999956e+00,-1.189999999999999947e+00
8.022979259490966797e+00,-1.219999999999999973e+00,1.219999999999999973e+00,-1.229999999999999982e+00
8.055353403091430664e+00,-1.250000000000000000e+00,1.250000000000000000e+00,-1.250000000000000000e+00
8.085478544235229492e+00,-1.280000000000000027e+00,1.290000000000000036e+00,-1.280000000000000027e+00
8.120729684829711914e+00,-1.280000000000000027e+00,1.320000000000000062e+00,-1.280000000000000027e+00
8.153887033462524414e+00,-1.280000000000000027e+00,1.350000000000000089e+00,-1.280000000000000027e+00
8.187138319015502930e+00,-1.290000000000000036e+00,1.389999999999999902e+00,-1.290000000000000036e+00
8.219172239303588867e+00,-1.300000000000000044e+00,1.409999999999999920e+00,-1.300000000000000044e+00
8.251245737075805664e+00,-1.300000000000000044e+00,1.439999999999999947e+00,-1.300000000000000044e+00
8.282635450363159180e+00,-1.310000000000000053e+00,1.459999999999999964e+00,-1.310000000000000053e+00
8.317182064056396484e+00,-1.320000000000000062e+00,1.479999999999999982e+00,-1.320000000000000062e+00
8.350280046463012695e+00,-1.330000000000000071e+00,1.479999999999999982e+00,-1.330000000000000071e+00
8.382126331329345703e+00,-1.340000000000000080e+00,1.479999999999999982e+00,-1.340000000000000080e+00
8.415581464767456055e+00,-1.350000000000000089e+00,1.479999999999999982e+00,-1.350000000000000089e+00
8.448596239089965820e+00,-1.360000000000000098e+00,1.469999999999999973e+00,-1.360000000000000098e+00
8.481725215911865234e+00,-1.370000000000000107e+00,1.449999999999999956e+00,-1.370000000000000107e+00
8.511780023574829102e+00,-1.370000000000000107e+00,1.429999999999999938e+00,-1.370000000000000107e+00
8.547152280807495117e+00,-1.370000000000000107e+00,1.389999999999999902e+00,-1.370000000000000107e+00
8.573685884475708008e+00,-1.370000000000000107e+00,1.370000000000000107e+00,-1.370000000000000107e+00
8.603861093521118164e+00,-1.330000000000000071e+00,1.340000000000000080e+00,-1.330000000000000071e+00
8.636604070663452148e+00,-1.300000000000000044e+00,1.300000000000000044e+00,-1.300000000000000044e+00
8.665143728256225586e+00,-1.280000000000000027e+00,1.280000000000000027e+00,-1.270000000000000018e+00
8.695135116577148438e+00,-1.239999999999999991e+00,1.250000000000000000e+00,-1.239999999999999991e+00
8.727579355239868164e+00,-1.219999999999999973e+00,1.219999999999999973e+00,-1.219999999999999973e+00
8.755276203155517578e+00,-1.189999999999999947e+00,1.199999999999999956e+00,-1.189999999999999947e+00
8.783807039260864258e+00,-1.179999999999999938e+00,1.179999999999999938e+00,-1.179999999999999938e+00
8.810562372207641602e+00,-1.169999999999999929e+00,1.169999999999999929e+00,-1.159999999999999920e+00
8.839806795120239258e+00,-1.159999999999999920e+00,1.159999999999999920e+00,-1.159999999999999920e+00
8.869014739990234375e+00,-1.159999999999999920e+00,1.159999999999999920e+00,-1.149999999999999911e+00
8.898815870285034180e+00,-1.159999999999999920e+00,1.159999999999999920e+00,-1.159999999999999920e+00
8.923708438873291016e+00,-1.159999999999999920e+00,1.169999999999999929e+00,-1.159999999999999920e+00
8.956311464309692383e+00,-1.179999999999999938e+00,1.179999999999999938e+00,-1.169999999999999929e+00
8.983832836151123047e+00,-1.189999999999999947e+00,1.199999999999999956e+00,-1.189999999999999947e+00
9.010587453842163086e+00,-1.219999999999999973e+00,1.219999999999999973e+00,-1.219999999999999973e+00
9.044576168060302734e+00,-1.229999999999999982e+00,1.239999999999999991e+00,-1.239999999999999991e+00
9.073918581008911133e+00,-1.260000000000000009e+00,1.270000000000000018e+00,-1.270000000000000018e+00
9.103668928146362305e+00,-1.280000000000000027e+00,1.300000000000000044e+00,-1.280000000000000027e+00
9.135994672775268555e+00,-1.280000000000000027e+00,1.330000000000000071e+00,-1.280000000000000027e+00
9.165567636489868164e+00,-1.290000000000000036e+00,1.370000000000000107e+00,-1.280000000000000027e+00
9.194603919982910156e+00,-1.290000000000000036e+00,1.399999999999999911e+00,-1.290000000000000036e+00
9.230298519134521484e+00,-1.300000000000000044e+00,1.419999999999999929e+00,-1.290000000000000036e+00
9.257317304611206055e+00,-1.300000000000000044e+00,1.449999999999999956e+00,-1.300000000000000044e+00
9.291615247726440430e+00,-1.310000000000000053e+00,1.469999999999999973e+00,-1.310000000000000053e+00
9.325173616409301758e+00,-1.320000000000000062e+00,1.479999999999999982e+00,-1.320000000000000062e+00
9.356595277786254883e+00,-1.330000000000000071e+00,1.479999999999999982e+00,-1.330000000000000071e+00
9.390077829360961914e+00,-1.340000000000000080e+00,1.489999999999999991e+00,-1.340000000000000080e+00
9.418887615203857422e+00,-1.350000000000000089e+00,1.469999999999999973e+00,-1.360000000000000098e+00
9.451762437820434570e+00,-1.360000000000000098e+00,1.459999999999999964e+00,-1.360000000000000098e+00
9.484390258789062500e+00,-1.360000000000000098e+00,1.439999999999999947e+00,-1.370000000000000107e+00
9.517410993576049805e+00,-1.370000000000000107e+00,1.419999999999999929e+00,-1.370000000000000107e+00
9.544127225875854492e+00,-1.370000000000000107e+00,1.389999999999999902e+00,-1.370000000000000107e+00
9.575185537338256836e+00,-1.360000000000000098e+00,1.360000000000000098e+00,-1.360000000000000098e+00
9.602400064468383789e+00,-1.330000000000000071e+00,1.330000000000000071e+00,-1.330000000000000071e+00
9.630536317825317383e+00,-1.300000000000000044e+00,1.300000000000000044e+00,-1.300000000000000044e+00
9.660696029663085938e+00,-1.270000000000000018e+00,1.270000000000000018e+00,-1.280000000000000027e+00
9.689936637878417969e+00,-1.250000000000000000e+00,1.250000000000000000e+00,-1.250000000000000000e+00
9.721874713897705078e+00,-1.219999999999999973e+00,1.219999999999999973e+00,-1.219999999999999973e+00
9.751380920410156250e+00,-1.209999999999999964e+00,1.199999999999999956e+00,-1.199999999999999956e+00
9.783386468887329102e+00,-1.169999999999999929e+00,1.169999999999999929e+00,-1.169999999999999929e+00
9.811880111694335938e+00,-1.159999999999999920e+00,1.159999999999999920e+00,-1.159999999999999920e+00
9.840462207794189453e+00,-1.149999999999999911e+00,1.149999999999999911e+00,-1.149999999999999911e+00
9.869888544082641602e+00,-1.149999999999999911e+00,1.149999999999999911e+00,-1.149999999999999911e+00
9.902938127517700195e+00,-1.159999999999999920e+00,1.149999999999999911e+00,-1.159999999999999920e+00
9.931868076324462891e+00,-1.169999999999999929e+00,1.169999999999999929e+00,-1.169999999999999929e+00
9.959905147552490234e+00,-1.169999999999999929e+00,1.179999999999999938e+00,-1.169999999999999929e+00
9.991873741149902344e+00,-1.199999999999999956e+00,1.199999999999999956e+00,-1.199999999999999956e+00
1.002173686027526855e+01,-1.219999999999999973e+00,1.229999999999999982e+00,-1.219999999999999973e+00
1.005884623527526855e+01,-1.260000000000000009e+00,1.250000000000000000e+00,-1.260000000000000009e+00
1.009105062484741211e+01,-1.270000000000000018e+00,1.290000000000000036e+00,-1.280000000000000027e+00
1.012313532829284668e+01,-1.290000000000000036e+00,1.310000000000000053e+00,-1.280000000000000027e+00
1.015636372566223145e+01,-1.280000000000000027e+00,1.350000000000000089e+00,-1.280000000000000027e+00
1.018913602828979492e+01,-1.290000000000000036e+00,1.379999999999999893e+00,-1.290000000000000036e+00
1.021832513809204102e+01,-1.290000000000000036e+00,1.409999999999999920e+00,-1.300000000000000044e+00
1.025446343421936035e+01,-1.300000000000000044e+00,1.439999999999999947e+00,-1.310000000000000053e+00
1.028745293617248535e+01,-1.310000000000000053e+00,1.459999999999999964e+00,-1.310000000000000053e+00
1.031768488883972168e+01,-1.320000000000000062e+00,1.469999999999999973e+00,-1.330000000000000071e+00
1.034775066375732422e+01,-1.330000000000000071e+00,1.479999999999999982e+00,-1.330000000000000071e+00
1.038188743591308594e+01,-1.340000000000000080e+00,1.479999999999999982e+00,-1.340000000000000080e+00
1.041483187675476074e+01,-1.340000000000000080e+00,1.479999999999999982e+00,-1.350000000000000089e+00
1.044740486145019531e+01,-1.340000000000000080e+00,1.469999999999999973e+00,-1.360000000000000098e+00
1.047949123382568359e+01,-1.370000000000000107e+00,1.449999999999999956e+00,-1.360000000000000098e+00
1.050888919830322266e+01,-1.370000000000000107e+00,1.419999999999999929e+00,-1.370000000000000107e+00
1.054229307174682617e+01,-1.370000000000000107e+00,1.389999999999999902e+00,-1.379999999999999893e+00
1.057628512382507324e+01,-1.360000000000000098e+00,1.360000000000000098e+00,-1.370000000000000107e+00
1.060383582115173340e+01,-1.330000000000000071e+00,1.330000000000000071e+00,-1.330000000000000071e+00
1.063938283920288086e+01,-1.300000000000000044e+00,1.300000000000000044e+00,-1.300000000000000044e+00
1.066856551170349121e+01,-1.270000000000000018e+00,1.270000000000000018e+00,-1.270000000000000018e+00
1.070121574401855469e+01,-1.250000000000000000e+00,1.239999999999999991e+00,-1.239999999999999991e+00
1.072725081443786621e+01,-1.209999999999999964e+00,1.219999999999999973e+00,-1.209999999999999964e+00
1.075949001312255859e+01,-1.189999999999999947e+00,1.189999999999999947e+00,-1.179999999999999938e+00
1.079123616218566895e+01,-1.169999999999999929e+00,1.169999999999999929e+00,-1.169999999999999929e+00
1.082016372680664062e+01,-1.149999999999999911e+00,1.159999999999999920e+00,-1.149999999999999911e+00
1.085288357734680176e+01,-1.149999999999999911e+00,1.149999999999999911e+00,-1.149999999999999911e+00
1.088169097900390625e+01,-1.149999999999999911e+00,1.149999999999999911e+00,-1.149999999999999911e+00
1.091021823883056641e+01,-1.149999999999999911e+00,1.149999999999999911e+00,-1.159999999999999920e+00
1.094297385215759277e+01,-1.179999999999999938e+00,1.169999999999999929e+00,-1.169999999999999929e+00
1.097239828109741211e+01,-1.179999999999999938e+00,1.189999999999999947e+00,-1.179999999999999938e+00
1.100440073013305664e+01,-1.209999999999999964e+00,1.209999999999999964e+00,-1.209999999999999964e+00
1.103691315650939941e+01,-1.239999999999999991e+00,1.239999999999999991e+00,-1.239999999999999991e+00
1.106647443771362305e+01,-1.270000000000000018e+00,1.270000000000000018e+00,-1.270000000000000018e+00
1.110202407836914062e+01,-1.260000000000000009e+00,1.300000000000000044e+00,-1.280000000000000027e+00
1.113176822662353516e+01,-1.260000000000000009e+00,1.330000000000000071e+00,-1.280000000000000027e+00
1.116841840744018555e+01,-1.290000000000000036e+00,1.360000000000000098e+00,-1.290000000000000036e+00
1.120099449157714844e+01,-1.290000000000000036e+00,1.389999999999999902e+00,-1.300000000000000044e+00
1.123163580894470215e+01,-1.300000000000000044e+00,1.429999999999999938e+00,-1.300000000000000044e+00
1.126531958580017090e+01,-1.300000000000000044e+00,1.449999999999999956e+00,-1.300000000000000044e+00
1.129883575439453125e+01,-1.310000000000000053e+00,1.469999999999999973e+00,-1.320000000000000062e+00
1.133205032348632812e+01,-1.320000000000000062e+00,1.479999999999999982e+00,-1.330000000000000071e+00
1.136415410041809082e+01,-1.340000000000000080e+00,1.479999999999999982e+00,-1.340000000000000080e+00
1.139757728576660156e+01,-1.350000000000000089e+00,1.479999999999999982e+00,-1.350000000000000089e+00
1.142993044853210449e+01,-1.360000000000000098e+00,1.469999999999999973e+00,-1.360000000000000098e+00
1.146206331253051758e+01,-1.360000000000000098e+00,1.459999999999999964e+00,-1.360000000000000098e+00
1.149538636207580566e+01,-1.370000000000000107e+00,1.429999999999999938e+00,-1.370000000000000107e+00
1.152836203575134277e+01,-1.370000000000000107e+00,1.409999999999999920e+00,-1.370000000000000107e+00
1.155718517303466797e+01,-1.379999999999999893e+00,1.379999999999999893e+00,-1.379999999999999893e+00
1.159007573127746582e+01,-1.350000000000000089e+00,1.350000000000000089e+00,-1.360000000000000098e+00
1.161913037300109863e+01,-1.310000000000000053e+00,1.320000000000000062e+00,-1.310000000000000053e+00
1.165114378929138184e+01,-1.300000000000000044e+00,1.290000000000000036e+00,-1.290000000000000036e+00
1.168379116058349609e+01,-1.250000000000000000e+00,1.250000000000000000e+00,-1.250000000000000000e+00
1.171099400520324707e+01,-1.219999999999999973e+00,1.229999999999999982e+00,-1.219999999999999973e+00
1.174189639091491699e+01,-1.199999999999999956e+00,1.199999999999999956e+00,-1.209999999999999964e+00
1.176808619499206543e+01,-1.179999999999999938e+00,1.179999999999999938e+00,-1.179999999999999938e+00
1.179856920242309570e+01,-1.169999999999999929e+00,1.169999999999999929e+00,-1.169999999999999929e+00
1.182722043991088867e+01,-1.169999999999999929e+00,1.159999999999999920e+00,-1.159999999999999920e+00
1.185657095909118652e+01,-1.149999999999999911e+00,1.149999999999999911e+00,-1.149999999999999911e+00
1.188823342323303223e+01,-1.159999999999999920e+00,1.159999999999999920e+00,-1.159999999999999920e+00
1.191777849197387695e+01,-1.169999999999999929e+00,1.159999999999999920e+00,-1.159999999999999920e+00
1.194510626792907715e+01,-1.159999999999999920e+00,1.169999999999999929e+00,-1.169999999999999929e+00
1.197456049919128418e+01,-1.199999999999999956e+00,1.189999999999999947e+00,-1.189999999999999947e+00
1.200041866302490234e+01,-1.199999999999999956e+00,1.209999999999999964e+00,-1.199999999999999956e+00
1.203455376625061035e+01,-1.229999999999999982e+00,1.239999999999999991e+00,-1.229999999999999982e+00
1.206332111358642578e+01,-1.250000000000000000e+00,1.260000000000000009e+00,-1.260000000000000009e+00
1.209724521636962891e+01,-1.270000000000000018e+00,1.290000000000000036e+00,-1.280000000000000027e+00
1.212655735015869141e+01,-1.270000000000000018e+00,1.320000000000000062e+00,-1.280000000000000027e+00
1.215839648246765137e+01,-1.280000000000000027e+00,1.350000000000000089e+00,-1.280000000000000027e+00
1.218565821647644043e+01,-1.290000000000000036e+00,1.379999999999999893e+00,-1.290000000000000036e+00
1.221536993980407715e+01,-1.290000000000000036e+00,1.409999999999999920e+00,-1.290000000000000036e+00
1.224422836303710938e+01,-1.300000000000000044e+00,1.429999999999999938e+00,-1.300000000000000044e+00
1.227359628677368164e+01,-1.300000000000000044e+00,1.449999999999999956e+00,-1.310000000000000053e+00
1.230175185203552246e+01,-1.320000000000000062e+00,1.469999999999999973e+00,-1.320000000000000062e+00
