0.000000000000000000e+00,0.000000000000000000e+00,0.000000000000000000e+00,0.000000000000000000e+00
2.730798721313476562e-02,1.000000000000000021e-02,1.300000000000000044e-01,1.499999999999999944e-01
5.583190917968750000e-02,-0.000000000000000000e+00,2.300000000000000100e-01,2.899999999999999800e-01
8.606433868408203125e-02,-2.000000000000000042e-02,2.999999999999999889e-01,4.299999999999999933e-01
1.164028644561767578e-01,-4.000000000000000083e-02,3.599999999999999867e-01,5.699999999999999512e-01
1.468212604522705078e-01,-5.000000000000000278e-02,3.900000000000000133e-01,6.700000000000000400e-01
1.794312000274658203e-01,-7.000000000000000666e-02,4.099999999999999756e-01,8.000000000000000444e-01
2.087383270263671875e-01,-8.000000000000000167e-02,4.099999999999999756e-01,8.900000000000000133e-01
2.388176918029785156e-01,-1.000000000000000056e-01,4.199999999999999845e-01,9.899999999999999911e-01
2.690577507019042969e-01,-1.199999999999999956e-01,4.099999999999999756e-01,1.080000000000000071e+00
2.983050346374511719e-01,-1.300000000000000044e-01,4.099999999999999756e-01,1.159999999999999920e+00
3.293805122375488281e-01,-1.400000000000000133e-01,4.000000000000000222e-01,1.250000000000000000e+00
3.589062690734863281e-01,-1.600000000000000033e-01,3.900000000000000133e-01,1.310000000000000053e+00
3.846244812011718750e-01,-1.700000000000000122e-01,3.800000000000000044e-01,1.379999999999999893e+00
4.137043952941894531e-01,-1.700000000000000122e-01,3.699999999999999956e-01,1.449999999999999956e+00
4.456868171691894531e-01,-1.900000000000000022e-01,3.599999999999999867e-01,1.520000000000000018e+00
4.779736995697021484e-01,-1.900000000000000022e-01,3.499999999999999778e-01,1.580000000000000071e+00
5.071363449096679688e-01,-2.000000000000000111e-01,3.400000000000000244e-01,1.639999999999999902e+00
5.352978706359863281e-01,-2.000000000000000111e-01,3.300000000000000155e-01,1.689999999999999947e+00
5.684449672698974609e-01,-2.000000000000000111e-01,3.200000000000000067e-01,1.739999999999999991e+00
6.010215282440185547e-01,-2.099999999999999922e-01,3.099999999999999978e-01,1.800000000000000044e+00
6.297225952148437500e-01,-2.099999999999999922e-01,2.899999999999999800e-01,1.850000000000000089e+00
6.600320339202880859e-01,-2.099999999999999922e-01,2.800000000000000266e-01,1.899999999999999911e+00
6.906967163085937500e-01,-2.099999999999999922e-01,2.700000000000000178e-01,1.939999999999999947e+00
7.235920429229736328e-01,-2.099999999999999922e-01,2.600000000000000089e-01,1.979999999999999982e+00
7.530586719512939453e-01,-2.099999999999999922e-01,2.500000000000000000e-01,2.020000000000000018e+00
7.856085300445556641e-01,-2.000000000000000111e-01,2.399999999999999911e-01,2.060000000000000053e+00
8.144302368164062500e-01,-2.000000000000000111e-01,2.399999999999999911e-01,2.089999999999999858e+00
8.390507698059082031e-01,-2.000000000000000111e-01,2.300000000000000100e-01,2.129999999999999893e+00
8.682961463928222656e-01,-2.000000000000000111e-01,2.200000000000000011e-01,2.160000000000000142e+00
8.994879722595214844e-01,-2.000000000000000111e-01,2.200000000000000011e-01,2.180000000000000160e+00
9.280755519866943359e-01,-2.000000000000000111e-01,2.099999999999999922e-01,2.209999999999999964e+00
9.558749198913574219e-01,-1.900000000000000022e-01,2.000000000000000111e-01,2.240000000000000213e+00
9.858720302581787109e-01,-1.900000000000000022e-01,1.900000000000000022e-01,2.270000000000000018e+00
1.014915466308593750e+00,-1.900000000000000022e-01,1.900000000000000022e-01,2.299999999999999822e+00
1.043487787246704102e+00,-1.799999999999999933e-01,1.799999999999999933e-01,2.319999999999999840e+00
1.070936203002929688e+00,-1.799999999999999933e-01,1.799999999999999933e-01,2.350000000000000089e+00
1.100489377975463867e+00,-1.700000000000000122e-01,1.700000000000000122e-01,2.370000000000000107e+00
1.128770589828491211e+00,-1.700000000000000122e-01,1.700000000000000122e-01,2.390000000000000124e+00
1.156544208526611328e+00,-1.600000000000000033e-01,1.600000000000000033e-01,2.410000000000000142e+00
1.191014528274536133e+00,-1.600000000000000033e-01,1.600000000000000033e-01,2.430000000000000160e+00
1.219001770019531250e+00,-1.499999999999999944e-01,1.499999999999999944e-01,2.450000000000000178e+00
1.248624801635742188e+00,-1.400000000000000133e-01,1.400000000000000133e-01,2.459999999999999964e+00
1.280919551849365234e+00,-1.400000000000000133e-01,1.400000000000000133e-01,2.479999999999999982e+00
1.310392856597900391e+00,-1.300000000000000044e-01,1.300000000000000044e-01,2.500000000000000000e+00
1.341985464096069336e+00,-1.300000000000000044e-01,1.300000000000000044e-01,2.520000000000000018e+00
1.367830276489257812e+00,-1.300000000000000044e-01,1.199999999999999956e-01,2.540000000000000036e+00
1.399568796157836914e+00,-1.199999999999999956e-01,1.199999999999999956e-01,2.540000000000000036e+00
1.432720661163330078e+00,-1.100000000000000006e-01,1.100000000000000006e-01,2.560000000000000053e+00
1.461900472640991211e+00,-1.100000000000000006e-01,1.100000000000000006e-01,2.580000000000000071e+00
1.492156744003295898e+00,-1.000000000000000056e-01,1.100000000000000006e-01,2.589999999999999858e+00
1.522274732589721680e+00,-1.000000000000000056e-01,1.000000000000000056e-01,2.600000000000000089e+00
1.550714492797851562e+00,-8.999999999999999667e-02,1.000000000000000056e-01,2.609999999999999876e+00
1.580193042755126953e+00,-1.000000000000000056e-01,1.000000000000000056e-01,2.629999999999999893e+00
1.612514972686767578e+00,-8.999999999999999667e-02,8.999999999999999667e-02,2.640000000000000124e+00
1.641703844070434570e+00,-8.999999999999999667e-02,8.999999999999999667e-02,2.649999999999999911e+00
1.673984766006469727e+00,-8.999999999999999667e-02,8.999999999999999667e-02,2.660000000000000142e+00
1.706629276275634766e+00,-8.000000000000000167e-02,8.000000000000000167e-02,2.669999999999999929e+00
1.735627889633178711e+00,-8.000000000000000167e-02,8.000000000000000167e-02,2.680000000000000160e+00
1.764066934585571289e+00,-8.000000000000000167e-02,8.000000000000000167e-02,2.689999999999999947e+00
1.796798467636108398e+00,-8.000000000000000167e-02,7.000000000000000666e-02,2.700000000000000178e+00
1.826219081878662109e+00,-7.000000000000000666e-02,7.000000000000000666e-02,2.709999999999999964e+00
1.854231119155883789e+00,-7.000000000000000666e-02,7.000000000000000666e-02,2.720000000000000195e+00
1.883381843566894531e+00,-7.000000000000000666e-02,7.000000000000000666e-02,2.729999999999999982e+00
1.911537170410156250e+00,-5.999999999999999778e-02,7.000000000000000666e-02,2.720000000000000195e+00
1.944468736648559570e+00,-5.999999999999999778e-02,5.999999999999999778e-02,2.740000000000000213e+00
1.974969387054443359e+00,-5.999999999999999778e-02,5.999999999999999778e-02,2.750000000000000000e+00
2.006415843963623047e+00,-5.000000000000000278e-02,5.999999999999999778e-02,2.750000000000000000e+00
2.035378694534301758e+00,-5.000000000000000278e-02,5.000000000000000278e-02,2.750000000000000000e+00
2.067054271697998047e+00,-5.000000000000000278e-02,5.000000000000000278e-02,2.759999999999999787e+00
2.095863819122314453e+00,-4.000000000000000083e-02,5.000000000000000278e-02,2.770000000000000018e+00
2.128990411758422852e+00,-5.000000000000000278e-02,4.000000000000000083e-02,2.779999999999999805e+00
2.161476850509643555e+00,-2.999999999999999889e-02,5.000000000000000278e-02,2.779999999999999805e+00
2.190177202224731445e+00,-4.000000000000000083e-02,4.000000000000000083e-02,2.790000000000000036e+00
2.223111867904663086e+00,-2.999999999999999889e-02,4.000000000000000083e-02,2.799999999999999822e+00
2.255546808242797852e+00,-2.999999999999999889e-02,4.000000000000000083e-02,2.790000000000000036e+00
2.284592628479003906e+00,-2.000000000000000042e-02,4.000000000000000083e-02,2.799999999999999822e+00
2.317343473434448242e+00,-2.000000000000000042e-02,4.000000000000000083e-02,2.810000000000000053e+00
2.349866151809692383e+00,-2.000000000000000042e-02,2.999999999999999889e-02,2.810000000000000053e+00
2.378852367401123047e+00,-2.000000000000000042e-02,2.999999999999999889e-02,2.810000000000000053e+00
2.404275417327880859e+00,-2.000000000000000042e-02,2.999999999999999889e-02,2.819999999999999840e+00
2.435953617095947266e+00,-1.000000000000000021e-02,2.999999999999999889e-02,2.830000000000000071e+00
2.464200019836425781e+00,-1.000000000000000021e-02,2.999999999999999889e-02,2.830000000000000071e+00
2.489426612854003906e+00,-1.000000000000000021e-02,2.999999999999999889e-02,2.830000000000000071e+00
2.522194862365722656e+00,-0.000000000000000000e+00,2.999999999999999889e-02,2.819999999999999840e+00
2.552346467971801758e+00,-0.000000000000000000e+00,2.999999999999999889e-02,2.839999999999999858e+00
2.583168983459472656e+00,0.000000000000000000e+00,2.000000000000000042e-02,2.830000000000000071e+00
2.611923694610595703e+00,0.000000000000000000e+00,2.000000000000000042e-02,2.839999999999999858e+00
2.641320705413818359e+00,0.000000000000000000e+00,2.000000000000000042e-02,2.839999999999999858e+00
2.669657468795776367e+00,0.000000000000000000e+00,2.000000000000000042e-02,2.839999999999999858e+00
2.698707342147827148e+00,0.000000000000000000e+00,2.000000000000000042e-02,2.839999999999999858e+00
2.727314949035644531e+00,0.000000000000000000e+00,2.000000000000000042e-02,2.850000000000000089e+00
2.753126382827758789e+00,1.000000000000000021e-02,2.000000000000000042e-02,2.850000000000000089e+00
2.783494234085083008e+00,1.000000000000000021e-02,2.000000000000000042e-02,2.850000000000000089e+00
2.813126802444458008e+00,1.000000000000000021e-02,2.000000000000000042e-02,2.850000000000000089e+00
2.838896036148071289e+00,1.000000000000000021e-02,1.000000000000000021e-02,2.850000000000000089e+00
2.868140459060668945e+00,1.000000000000000021e-02,1.000000000000000021e-02,2.850000000000000089e+00
2.897135257720947266e+00,1.000000000000000021e-02,1.000000000000000021e-02,2.859999999999999876e+00
2.927744626998901367e+00,1.000000000000000021e-02,1.000000000000000021e-02,2.870000000000000107e+00
2.956099033355712891e+00,2.000000000000000042e-02,1.000000000000000021e-02,2.870000000000000107e+00
2.981256723403930664e+00,2.000000000000000042e-02,1.000000000000000021e-02,2.870000000000000107e+00
3.013399124145507812e+00,2.000000000000000042e-02,1.000000000000000021e-02,2.870000000000000107e+00
3.040889501571655273e+00,2.000000000000000042e-02,1.000000000000000021e-02,2.870000000000000107e+00
3.070707559585571289e+00,2.000000000000000042e-02,1.000000000000000021e-02,2.879999999999999893e+00
3.098933935165405273e+00,2.000000000000000042e-02,1.000000000000000021e-02,2.879999999999999893e+00
3.127931833267211914e+00,2.000000000000000042e-02,1.000000000000000021e-02,2.879999999999999893e+00
3.154355049133300781e+00,2.000000000000000042e-02,1.000000000000000021e-02,2.870000000000000107e+00
3.184243917465209961e+00,2.000000000000000042e-02,1.000000000000000021e-02,2.879999999999999893e+00
3.213965654373168945e+00,2.999999999999999889e-02,1.000000000000000021e-02,2.879999999999999893e+00
3.242164373397827148e+00,2.999999999999999889e-02,1.000000000000000021e-02,2.879999999999999893e+00
3.271046876907348633e+00,2.999999999999999889e-02,0.000000000000000000e+00,2.870000000000000107e+00
3.300174713134765625e+00,2.999999999999999889e-02,1.000000000000000021e-02,2.879999999999999893e+00
3.328778982162475586e+00,2.999999999999999889e-02,0.000000000000000000e+00,2.879999999999999893e+00
3.357232570648193359e+00,4.000000000000000083e-02,0.000000000000000000e+00,2.879999999999999893e+00
3.384022474288940430e+00,2.999999999999999889e-02,0.000000000000000000e+00,2.899999999999999911e+00
3.411944389343261719e+00,2.999999999999999889e-02,0.000000000000000000e+00,2.890000000000000124e+00
3.442934989929199219e+00,4.000000000000000083e-02,0.000000000000000000e+00,2.890000000000000124e+00
3.472112655639648438e+00,4.000000000000000083e-02,0.000000000000000000e+00,2.890000000000000124e+00
3.501441717147827148e+00,4.000000000000000083e-02,0.000000000000000000e+00,2.899999999999999911e+00
3.529697418212890625e+00,4.000000000000000083e-02,0.000000000000000000e+00,2.899999999999999911e+00
3.558940410614013672e+00,4.000000000000000083e-02,0.000000000000000000e+00,2.899999999999999911e+00
3.585476636886596680e+00,2.999999999999999889e-02,0.000000000000000000e+00,2.890000000000000124e+00
3.614678144454956055e+00,4.000000000000000083e-02,0.000000000000000000e+00,2.890000000000000124e+00
3.643582344055175781e+00,4.000000000000000083e-02,0.000000000000000000e+00,2.890000000000000124e+00
3.672190666198730469e+00,4.000000000000000083e-02,0.000000000000000000e+00,2.890000000000000124e+00
3.700991153717041016e+00,4.000000000000000083e-02,0.000000000000000000e+00,2.890000000000000124e+00
3.729436635971069336e+00,4.000000000000000083e-02,0.000000000000000000e+00,2.890000000000000124e+00
3.758383512496948242e+00,4.000000000000000083e-02,0.000000000000000000e+00,2.890000000000000124e+00
3.787741422653198242e+00,5.000000000000000278e-02,0.000000000000000000e+00,2.899999999999999911e+00
3.815619945526123047e+00,5.000000000000000278e-02,0.000000000000000000e+00,2.910000000000000142e+00
3.845020771026611328e+00,5.000000000000000278e-02,0.000000000000000000e+00,2.899999999999999911e+00
3.870920658111572266e+00,4.000000000000000083e-02,0.000000000000000000e+00,2.899999999999999911e+00
3.900103807449340820e+00,4.000000000000000083e-02,0.000000000000000000e+00,2.899999999999999911e+00
3.928500175476074219e+00,4.000000000000000083e-02,0.000000000000000000e+00,2.899999999999999911e+00
3.957458496093750000e+00,4.000000000000000083e-02,0.000000000000000000e+00,2.899999999999999911e+00
3.986670494079589844e+00,5.000000000000000278e-02,0.000000000000000000e+00,2.910000000000000142e+00
4.012833833694458008e+00,5.000000000000000278e-02,0.000000000000000000e+00,2.910000000000000142e+00
4.045149564743041992e+00,5.000000000000000278e-02,0.000000000000000000e+00,2.899999999999999911e+00
4.073523521423339844e+00,5.000000000000000278e-02,0.000000000000000000e+00,2.890000000000000124e+00
4.102533340454101562e+00,5.000000000000000278e-02,0.000000000000000000e+00,2.890000000000000124e+00
4.131366491317749023e+00,5.000000000000000278e-02,0.000000000000000000e+00,2.910000000000000142e+00
4.157523870468139648e+00,5.000000000000000278e-02,0.000000000000000000e+00,2.910000000000000142e+00
4.187532186508178711e+00,5.000000000000000278e-02,0.000000000000000000e+00,2.910000000000000142e+00
4.216335535049438477e+00,5.000000000000000278e-02,0.000000000000000000e+00,2.899999999999999911e+00
4.245092391967773438e+00,5.000000000000000278e-02,0.000000000000000000e+00,2.899999999999999911e+00
4.273694753646850586e+00,5.000000000000000278e-02,0.000000000000000000e+00,2.910000000000000142e+00
4.302285909652709961e+00,5.000000000000000278e-02,0.000000000000000000e+00,2.899999999999999911e+00
4.331514835357666016e+00,5.000000000000000278e-02,0.000000000000000000e+00,2.899999999999999911e+00
4.360582828521728516e+00,5.000000000000000278e-02,0.000000000000000000e+00,2.899999999999999911e+00
4.389251232147216797e+00,5.000000000000000278e-02,0.000000000000000000e+00,2.910000000000000142e+00
4.418718338012695312e+00,5.000000000000000278e-02,0.000000000000000000e+00,2.910000000000000142e+00
4.446576356887817383e+00,5.000000000000000278e-02,0.000000000000000000e+00,2.910000000000000142e+00
4.472097635269165039e+00,5.000000000000000278e-02,0.000000000000000000e+00,2.910000000000000142e+00
4.500602006912231445e+00,5.000000000000000278e-02,0.000000000000000000e+00,2.910000000000000142e+00
4.530050039291381836e+00,5.000000000000000278e-02,0.000000000000000000e+00,2.910000000000000142e+00
4.560851812362670898e+00,5.000000000000000278e-02,0.000000000000000000e+00,2.910000000000000142e+00
4.589910984039306641e+00,5.000000000000000278e-02,0.000000000000000000e+00,2.910000000000000142e+00
4.619419813156127930e+00,5.000000000000000278e-02,0.000000000000000000e+00,2.910000000000000142e+00
4.647098064422607422e+00,5.000000000000000278e-02,0.000000000000000000e+00,2.899999999999999911e+00
4.676612615585327148e+00,5.999999999999999778e-02,0.000000000000000000e+00,2.899999999999999911e+00
4.705164670944213867e+00,5.999999999999999778e-02,0.000000000000000000e+00,2.910000000000000142e+00
4.731820583343505859e+00,5.000000000000000278e-02,0.000000000000000000e+00,2.910000000000000142e+00
4.761934280395507812e+00,5.000000000000000278e-02,0.000000000000000000e+00,2.910000000000000142e+00
4.790053844451904297e+00,5.000000000000000278e-02,0.000000000000000000e+00,2.919999999999999929e+00
4.819005012512207031e+00,5.000000000000000278e-02,0.000000000000000000e+00,2.919999999999999929e+00
4.847589492797851562e+00,5.000000000000000278e-02,0.000000000000000000e+00,2.919999999999999929e+00
4.876701593399047852e+00,5.000000000000000278e-02,0.000000000000000000e+00,2.910000000000000142e+00
4.905468702316284180e+00,5.000000000000000278e-02,0.000000000000000000e+00,2.910000000000000142e+00
4.934459209442138672e+00,5.000000000000000278e-02,0.000000000000000000e+00,2.919999999999999929e+00
4.962937593460083008e+00,5.999999999999999778e-02,0.000000000000000000e+00,2.919999999999999929e+00
4.991851806640625000e+00,5.000000000000000278e-02,0.000000000000000000e+00,2.910000000000000142e+00
5.020415306091308594e+00,5.999999999999999778e-02,0.000000000000000000e+00,2.919999999999999929e+00
5.048642635345458984e+00,5.999999999999999778e-02,0.000000000000000000e+00,2.919999999999999929e+00
5.077353715896606445e+00,5.000000000000000278e-02,0.000000000000000000e+00,2.919999999999999929e+00
5.103587865829467773e+00,5.000000000000000278e-02,0.000000000000000000e+00,2.899999999999999911e+00
5.133784294128417969e+00,5.000000000000000278e-02,0.000000000000000000e+00,2.899999999999999911e+00
5.163144111633300781e+00,5.999999999999999778e-02,0.000000000000000000e+00,2.910000000000000142e+00
5.192388534545898438e+00,5.000000000000000278e-02,0.000000000000000000e+00,2.899999999999999911e+00
5.222014188766479492e+00,5.000000000000000278e-02,0.000000000000000000e+00,2.899999999999999911e+00
5.246475458145141602e+00,5.999999999999999778e-02,0.000000000000000000e+00,2.919999999999999929e+00
5.276834726333618164e+00,5.999999999999999778e-02,0.000000000000000000e+00,2.919999999999999929e+00
5.303406953811645508e+00,5.000000000000000278e-02,0.000000000000000000e+00,2.910000000000000142e+00
5.333493947982788086e+00,5.000000000000000278e-02,0.000000000000000000e+00,2.910000000000000142e+00
5.362498998641967773e+00,5.000000000000000278e-02,0.000000000000000000e+00,2.919999999999999929e+00
5.390927553176879883e+00,5.999999999999999778e-02,0.000000000000000000e+00,2.919999999999999929e+00
5.421055078506469727e+00,5.999999999999999778e-02,0.000000000000000000e+00,2.919999999999999929e+00
5.448773145675659180e+00,5.000000000000000278e-02,0.000000000000000000e+00,2.899999999999999911e+00
5.478833675384521484e+00,5.000000000000000278e-02,0.000000000000000000e+00,2.910000000000000142e+00
5.506770610809326172e+00,5.999999999999999778e-02,0.000000000000000000e+00,2.910000000000000142e+00
5.533560037612915039e+00,5.000000000000000278e-02,0.000000000000000000e+00,2.899999999999999911e+00
5.564460992813110352e+00,5.000000000000000278e-02,0.000000000000000000e+00,2.910000000000000142e+00
5.589895963668823242e+00,5.000000000000000278e-02,0.000000000000000000e+00,2.910000000000000142e+00
5.622033834457397461e+00,5.000000000000000278e-02,0.000000000000000000e+00,2.910000000000000142e+00
5.651192903518676758e+00,5.999999999999999778e-02,0.000000000000000000e+00,2.910000000000000142e+00
5.679078578948974609e+00,5.999999999999999778e-02,0.000000000000000000e+00,2.919999999999999929e+00
5.708734989166259766e+00,5.999999999999999778e-02,0.000000000000000000e+00,2.919999999999999929e+00
5.737458705902099609e+00,5.000000000000000278e-02,0.000000000000000000e+00,2.899999999999999911e+00
5.765703678131103516e+00,5.999999999999999778e-02,0.000000000000000000e+00,2.910000000000000142e+00
5.790933847427368164e+00,5.999999999999999778e-02,0.000000000000000000e+00,2.910000000000000142e+00
5.822047233581542969e+00,5.999999999999999778e-02,0.000000000000000000e+00,2.919999999999999929e+00
5.851367235183715820e+00,5.999999999999999778e-02,0.000000000000000000e+00,2.910000000000000142e+00
5.880103588104248047e+00,5.999999999999999778e-02,0.000000000000000000e+00,2.910000000000000142e+00
5.909147977828979492e+00,5.999999999999999778e-02,0.000000000000000000e+00,2.899999999999999911e+00
5.934326648712158203e+00,5.999999999999999778e-02,0.000000000000000000e+00,2.910000000000000142e+00
5.963812351226806641e+00,5.000000000000000278e-02,0.000000000000000000e+00,2.919999999999999929e+00
5.993634223937988281e+00,5.000000000000000278e-02,0.000000000000000000e+00,2.919999999999999929e+00
6.022933483123779297e+00,5.999999999999999778e-02,0.000000000000000000e+00,2.919999999999999929e+00
6.051860809326171875e+00,5.999999999999999778e-02,0.000000000000000000e+00,2.919999999999999929e+00
6.078647851943969727e+00,5.999999999999999778e-02,0.000000000000000000e+00,2.919999999999999929e+00
6.109015941619873047e+00,5.999999999999999778e-02,0.000000000000000000e+00,2.919999999999999929e+00
6.137919187545776367e+00,5.000000000000000278e-02,0.000000000000000000e+00,2.919999999999999929e+00
6.166756629943847656e+00,5.000000000000000278e-02,0.000000000000000000e+00,2.910000000000000142e+00
6.195923566818237305e+00,5.999999999999999778e-02,0.000000000000000000e+00,2.919999999999999929e+00
6.222373008728027344e+00,5.999999999999999778e-02,0.000000000000000000e+00,2.910000000000000142e+00
6.252932071685791016e+00,5.000000000000000278e-02,0.000000000000000000e+00,2.899999999999999911e+00
6.279458522796630859e+00,5.000000000000000278e-02,0.000000000000000000e+00,2.899999999999999911e+00
6.308378696441650391e+00,5.999999999999999778e-02,0.000000000000000000e+00,2.899999999999999911e+00
6.336468458175659180e+00,5.999999999999999778e-02,0.000000000000000000e+00,2.899999999999999911e+00
6.367361307144165039e+00,5.000000000000000278e-02,0.000000000000000000e+00,2.910000000000000142e+00
6.392751216888427734e+00,5.000000000000000278e-02,0.000000000000000000e+00,2.910000000000000142e+00
6.421730279922485352e+00,5.999999999999999778e-02,0.000000000000000000e+00,2.919999999999999929e+00
6.454034805297851562e+00,5.000000000000000278e-02,0.000000000000000000e+00,2.899999999999999911e+00
6.482292175292968750e+00,5.999999999999999778e-02,0.000000000000000000e+00,2.899999999999999911e+00
6.511146783828735352e+00,5.999999999999999778e-02,0.000000000000000000e+00,2.919999999999999929e+00
6.536883354187011719e+00,5.999999999999999778e-02,0.000000000000000000e+00,2.919999999999999929e+00
6.565867900848388672e+00,5.999999999999999778e-02,0.000000000000000000e+00,2.919999999999999929e+00
6.594847202301025391e+00,5.999999999999999778e-02,0.000000000000000000e+00,2.910000000000000142e+00
6.624999523162841797e+00,5.000000000000000278e-02,0.000000000000000000e+00,2.910000000000000142e+00
6.653504848480224609e+00,5.000000000000000278e-02,0.000000000000000000e+00,2.910000000000000142e+00
6.682267427444458008e+00,5.999999999999999778e-02,0.000000000000000000e+00,2.919999999999999929e+00
6.710178852081298828e+00,5.999999999999999778e-02,0.000000000000000000e+00,2.919999999999999929e+00
6.740018129348754883e+00,5.999999999999999778e-02,0.000000000000000000e+00,2.910000000000000142e+00
6.768813610076904297e+00,5.000000000000000278e-02,0.000000000000000000e+00,2.910000000000000142e+00
6.798114061355590820e+00,5.999999999999999778e-02,0.000000000000000000e+00,2.919999999999999929e+00
6.822575569152832031e+00,5.000000000000000278e-02,0.000000000000000000e+00,2.899999999999999911e+00
6.853899478912353516e+00,5.000000000000000278e-02,0.000000000000000000e+00,2.910000000000000142e+00
6.883740901947021484e+00,5.000000000000000278e-02,0.000000000000000000e+00,2.910000000000000142e+00
6.910162687301635742e+00,5.000000000000000278e-02,0.000000000000000000e+00,2.910000000000000142e+00
6.940443038940429688e+00,5.000000000000000278e-02,0.000000000000000000e+00,2.899999999999999911e+00
6.966328144073486328e+00,5.000000000000000278e-02,0.000000000000000000e+00,2.899999999999999911e+00
6.995199441909790039e+00,5.000000000000000278e-02,0.000000000000000000e+00,2.899999999999999911e+00
7.024337053298950195e+00,5.000000000000000278e-02,0.000000000000000000e+00,2.899999999999999911e+00
7.052775144577026367e+00,5.000000000000000278e-02,0.000000000000000000e+00,2.899999999999999911e+00
7.083229780197143555e+00,5.000000000000000278e-02,0.000000000000000000e+00,2.899999999999999911e+00
7.112395048141479492e+00,5.000000000000000278e-02,0.000000000000000000e+00,2.910000000000000142e+00
7.139991998672485352e+00,5.000000000000000278e-02,0.000000000000000000e+00,2.919999999999999929e+00
7.171509981155395508e+00,5.000000000000000278e-02,0.000000000000000000e+00,2.899999999999999911e+00
7.197269439697265625e+00,5.999999999999999778e-02,0.000000000000000000e+00,2.910000000000000142e+00
7.227076768875122070e+00,5.999999999999999778e-02,0.000000000000000000e+00,2.910000000000000142e+00
7.256065368652343750e+00,5.999999999999999778e-02,0.000000000000000000e+00,2.899999999999999911e+00
7.285638809204101562e+00,5.000000000000000278e-02,0.000000000000000000e+00,2.919999999999999929e+00
7.310746431350708008e+00,5.999999999999999778e-02,0.000000000000000000e+00,2.910000000000000142e+00
7.342642068862915039e+00,5.000000000000000278e-02,0.000000000000000000e+00,2.899999999999999911e+00
7.371993541717529297e+00,5.000000000000000278e-02,0.000000000000000000e+00,2.919999999999999929e+00
7.398747920989990234e+00,5.999999999999999778e-02,0.000000000000000000e+00,2.919999999999999929e+00
7.427597999572753906e+00,5.999999999999999778e-02,0.000000000000000000e+00,2.910000000000000142e+00
7.457063436508178711e+00,5.999999999999999778e-02,0.000000000000000000e+00,2.910000000000000142e+00
7.484608411788940430e+00,5.000000000000000278e-02,0.000000000000000000e+00,2.899999999999999911e+00
7.514090061187744141e+00,5.000000000000000278e-02,0.000000000000000000e+00,2.899999999999999911e+00
7.541640520095825195e+00,5.000000000000000278e-02,0.000000000000000000e+00,2.899999999999999911e+00
7.571421384811401367e+00,5.999999999999999778e-02,0.000000000000000000e+00,2.899999999999999911e+00
7.599997043609619141e+00,5.999999999999999778e-02,0.000000000000000000e+00,2.899999999999999911e+00
7.628449678421020508e+00,5.999999999999999778e-02,0.000000000000000000e+00,2.899999999999999911e+00
7.653400182723999023e+00,5.999999999999999778e-02,0.000000000000000000e+00,2.899999999999999911e+00
7.686050653457641602e+00,5.000000000000000278e-02,0.000000000000000000e+00,2.899999999999999911e+00
7.712668895721435547e+00,5.000000000000000278e-02,0.000000000000000000e+00,2.910000000000000142e+00
7.742079019546508789e+00,5.000000000000000278e-02,0.000000000000000000e+00,2.910000000000000142e+00
7.772467851638793945e+00,5.999999999999999778e-02,0.000000000000000000e+00,2.919999999999999929e+00
7.797894001007080078e+00,5.000000000000000278e-02,0.000000000000000000e+00,2.910000000000000142e+00
7.827295303344726562e+00,5.999999999999999778e-02,0.000000000000000000e+00,2.919999999999999929e+00
7.856750249862670898e+00,5.999999999999999778e-02,0.000000000000000000e+00,2.919999999999999929e+00
7.885328292846679688e+00,5.000000000000000278e-02,0.000000000000000000e+00,2.919999999999999929e+00
7.914492368698120117e+00,5.000000000000000278e-02,0.000000000000000000e+00,2.919999999999999929e+00
7.943995237350463867e+00,5.999999999999999778e-02,0.000000000000000000e+00,2.919999999999999929e+00
7.971827030181884766e+00,5.000000000000000278e-02,0.000000000000000000e+00,2.919999999999999929e+00
7.997766256332397461e+00,5.999999999999999778e-02,0.000000000000000000e+00,2.919999999999999929e+00
8.030204534530639648e+00,5.999999999999999778e-02,0.000000000000000000e+00,2.919999999999999929e+00
8.058709144592285156e+00,5.999999999999999778e-02,0.000000000000000000e+00,2.919999999999999929e+00
8.087335109710693359e+00,5.999999999999999778e-02,0.000000000000000000e+00,2.919999999999999929e+00
8.115401029586791992e+00,5.999999999999999778e-02,0.000000000000000000e+00,2.919999999999999929e+00
8.143826246261596680e+00,5.999999999999999778e-02,0.000000000000000000e+00,2.919999999999999929e+00
8.173177003860473633e+00,5.999999999999999778e-02,0.000000000000000000e+00,2.910000000000000142e+00
8.198758363723754883e+00,5.999999999999999778e-02,0.000000000000000000e+00,2.910000000000000142e+00
8.230375528335571289e+00,5.999999999999999778e-02,0.000000000000000000e+00,2.910000000000000142e+00
8.256423711776733398e+00,5.999999999999999778e-02,0.000000000000000000e+00,2.899999999999999911e+00
8.286738157272338867e+00,5.999999999999999778e-02,0.000000000000000000e+00,2.899999999999999911e+00
8.315622091293334961e+00,5.000000000000000278e-02,0.000000000000000000e+00,2.899999999999999911e+00
8.344279766082763672e+00,5.000000000000000278e-02,0.000000000000000000e+00,2.899999999999999911e+00
8.372030735015869141e+00,5.000000000000000278e-02,0.000000000000000000e+00,2.899999999999999911e+00
8.402674436569213867e+00,5.000000000000000278e-02,0.000000000000000000e+00,2.899999999999999911e+00
8.430240631103515625e+00,5.000000000000000278e-02,0.000000000000000000e+00,2.910000000000000142e+00
8.456639051437377930e+00,5.999999999999999778e-02,0.000000000000000000e+00,2.910000000000000142e+00
8.487765073776245117e+00,5.000000000000000278e-02,0.000000000000000000e+00,2.919999999999999929e+00
8.517190933227539062e+00,5.000000000000000278e-02,0.000000000000000000e+00,2.910000000000000142e+00
8.544445514678955078e+00,5.000000000000000278e-02,0.000000000000000000e+00,2.919999999999999929e+00
8.574273109436035156e+00,5.999999999999999778e-02,0.000000000000000000e+00,2.919999999999999929e+00
8.601982593536376953e+00,5.999999999999999778e-02,0.000000000000000000e+00,2.919999999999999929e+00
8.632230281829833984e+00,5.999999999999999778e-02,0.000000000000000000e+00,2.919999999999999929e+00
8.657250165939331055e+00,5.999999999999999778e-02,0.000000000000000000e+00,2.919999999999999929e+00
8.689404487609863281e+00,5.999999999999999778e-02,0.000000000000000000e+00,2.919999999999999929e+00
8.716425895690917969e+00,5.999999999999999778e-02,0.000000000000000000e+00,2.910000000000000142e+00
8.745718479156494141e+00,5.999999999999999778e-02,0.000000000000000000e+00,2.910000000000000142e+00
8.775696992874145508e+00,5.999999999999999778e-02,0.000000000000000000e+00,2.910000000000000142e+00
8.801458597183227539e+00,5.999999999999999778e-02,0.000000000000000000e+00,2.910000000000000142e+00
8.831415176391601562e+00,5.999999999999999778e-02,0.000000000000000000e+00,2.910000000000000142e+00
8.857958793640136719e+00,5.999999999999999778e-02,0.000000000000000000e+00,2.910000000000000142e+00
8.886930465698242188e+00,5.999999999999999778e-02,0.000000000000000000e+00,2.910000000000000142e+00
8.916600942611694336e+00,5.999999999999999778e-02,0.000000000000000000e+00,2.910000000000000142e+00
8.945327043533325195e+00,5.999999999999999778e-02,0.000000000000000000e+00,2.910000000000000142e+00
8.974277496337890625e+00,5.000000000000000278e-02,0.000000000000000000e+00,2.899999999999999911e+00
9.003674745559692383e+00,5.000000000000000278e-02,0.000000000000000000e+00,2.899999999999999911e+00
9.032762050628662109e+00,5.000000000000000278e-02,0.000000000000000000e+00,2.910000000000000142e+00
9.058217287063598633e+00,5.000000000000000278e-02,0.000000000000000000e+00,2.899999999999999911e+00
9.087771177291870117e+00,5.000000000000000278e-02,0.000000000000000000e+00,2.910000000000000142e+00
9.116451501846313477e+00,5.000000000000000278e-02,0.000000000000000000e+00,2.910000000000000142e+00
9.145023584365844727e+00,5.000000000000000278e-02,0.000000000000000000e+00,2.910000000000000142e+00
9.173605918884277344e+00,5.999999999999999778e-02,0.000000000000000000e+00,2.919999999999999929e+00
9.201770305633544922e+00,5.999999999999999778e-02,0.000000000000000000e+00,2.919999999999999929e+00
9.230873107910156250e+00,5.999999999999999778e-02,0.000000000000000000e+00,2.919999999999999929e+00
9.263052940368652344e+00,5.000000000000000278e-02,0.000000000000000000e+00,2.899999999999999911e+00
9.291644334793090820e+00,5.999999999999999778e-02,0.000000000000000000e+00,2.910000000000000142e+00
9.318531751632690430e+00,5.000000000000000278e-02,0.000000000000000000e+00,2.899999999999999911e+00
9.349986314773559570e+00,5.999999999999999778e-02,0.000000000000000000e+00,2.919999999999999929e+00
9.374663591384887695e+00,5.000000000000000278e-02,0.000000000000000000e+00,2.910000000000000142e+00
9.403764247894287109e+00,5.000000000000000278e-02,0.000000000000000000e+00,2.910000000000000142e+00
9.433100223541259766e+00,5.999999999999999778e-02,0.000000000000000000e+00,2.910000000000000142e+00
9.463869333267211914e+00,5.000000000000000278e-02,0.000000000000000000e+00,2.899999999999999911e+00
9.493273496627807617e+00,5.000000000000000278e-02,0.000000000000000000e+00,2.919999999999999929e+00
9.521592855453491211e+00,5.000000000000000278e-02,0.000000000000000000e+00,2.919999999999999929e+00
9.548598766326904297e+00,5.000000000000000278e-02,0.000000000000000000e+00,2.910000000000000142e+00
9.576789617538452148e+00,5.000000000000000278e-02,0.000000000000000000e+00,2.899999999999999911e+00
9.606954097747802734e+00,5.000000000000000278e-02,0.000000000000000000e+00,2.910000000000000142e+00
9.634394645690917969e+00,5.000000000000000278e-02,0.000000000000000000e+00,2.910000000000000142e+00
9.664664983749389648e+00,5.999999999999999778e-02,0.000000000000000000e+00,2.919999999999999929e+00
9.690242767333984375e+00,5.000000000000000278e-02,0.000000000000000000e+00,2.919999999999999929e+00
9.718071222305297852e+00,5.999999999999999778e-02,0.000000000000000000e+00,2.919999999999999929e+00
9.750450849533081055e+00,5.999999999999999778e-02,0.000000000000000000e+00,2.919999999999999929e+00
9.779345273971557617e+00,5.999999999999999778e-02,0.000000000000000000e+00,2.919999999999999929e+00
9.806840658187866211e+00,5.999999999999999778e-02,0.000000000000000000e+00,2.910000000000000142e+00
9.837627649307250977e+00,5.000000000000000278e-02,0.000000000000000000e+00,2.919999999999999929e+00
9.865103483200073242e+00,5.999999999999999778e-02,0.000000000000000000e+00,2.919999999999999929e+00
9.893962383270263672e+00,5.999999999999999778e-02,0.000000000000000000e+00,2.910000000000000142e+00
9.922466993331909180e+00,5.000000000000000278e-02,0.000000000000000000e+00,2.899999999999999911e+00
9.951551914215087891e+00,5.000000000000000278e-02,0.000000000000000000e+00,2.899999999999999911e+00
9.980038404464721680e+00,5.999999999999999778e-02,0.000000000000000000e+00,2.919999999999999929e+00
1.000941228866577148e+01,5.000000000000000278e-02,0.000000000000000000e+00,2.910000000000000142e+00
1.003772735595703125e+01,5.000000000000000278e-02,0.000000000000000000e+00,2.910000000000000142e+00
1.006265735626220703e+01,5.000000000000000278e-02,0.000000000000000000e+00,2.910000000000000142e+00
1.009523534774780273e+01,5.000000000000000278e-02,0.000000000000000000e+00,2.910000000000000142e+00
1.012316250801086426e+01,5.999999999999999778e-02,0.000000000000000000e+00,2.919999999999999929e+00
1.015262031555175781e+01,5.999999999999999778e-02,0.000000000000000000e+00,2.919999999999999929e+00
1.017757511138916016e+01,5.999999999999999778e-02,0.000000000000000000e+00,2.919999999999999929e+00
1.020730352401733398e+01,5.999999999999999778e-02,0.000000000000000000e+00,2.919999999999999929e+00
1.023799037933349609e+01,5.999999999999999778e-02,0.000000000000000000e+00,2.919999999999999929e+00
1.026705169677734375e+01,5.999999999999999778e-02,0.000000000000000000e+00,2.910000000000000142e+00
1.029354000091552734e+01,5.999999999999999778e-02,0.000000000000000000e+00,2.910000000000000142e+00
1.032292342185974121e+01,5.999999999999999778e-02,0.000000000000000000e+00,2.919999999999999929e+00
1.035256409645080566e+01,5.999999999999999778e-02,0.000000000000000000e+00,2.919999999999999929e+00
1.038142299652099609e+01,5.000000000000000278e-02,0.000000000000000000e+00,2.919999999999999929e+00
1.041039681434631348e+01,5.999999999999999778e-02,0.000000000000000000e+00,2.910000000000000142e+00
1.043785452842712402e+01,5.999999999999999778e-02,0.000000000000000000e+00,2.910000000000000142e+00
1.046733713150024414e+01,5.999999999999999778e-02,0.000000000000000000e+00,2.899999999999999911e+00
1.049650144577026367e+01,5.999999999999999778e-02,0.000000000000000000e+00,2.919999999999999929e+00
1.052113294601440430e+01,5.999999999999999778e-02,0.000000000000000000e+00,2.910000000000000142e+00
1.055311059951782227e+01,5.000000000000000278e-02,0.000000000000000000e+00,2.899999999999999911e+00
1.058353495597839355e+01,5.999999999999999778e-02,0.000000000000000000e+00,2.919999999999999929e+00
1.061072587966918945e+01,5.999999999999999778e-02,0.000000000000000000e+00,2.910000000000000142e+00
1.063936400413513184e+01,5.000000000000000278e-02,0.000000000000000000e+00,2.910000000000000142e+00
1.066854619979858398e+01,5.999999999999999778e-02,0.000000000000000000e+00,2.919999999999999929e+00
1.069716835021972656e+01,5.999999999999999778e-02,0.000000000000000000e+00,2.919999999999999929e+00
1.072216033935546875e+01,5.000000000000000278e-02,0.000000000000000000e+00,2.910000000000000142e+00
1.075481772422790527e+01,5.000000000000000278e-02,0.000000000000000000e+00,2.919999999999999929e+00
1.078336811065673828e+01,5.999999999999999778e-02,0.000000000000000000e+00,2.919999999999999929e+00
1.081086182594299316e+01,5.999999999999999778e-02,0.000000000000000000e+00,2.919999999999999929e+00
1.083860301971435547e+01,5.999999999999999778e-02,0.000000000000000000e+00,2.919999999999999929e+00
1.086858606338500977e+01,5.999999999999999778e-02,0.000000000000000000e+00,2.919999999999999929e+00
1.089390730857849121e+01,5.000000000000000278e-02,0.000000000000000000e+00,2.919999999999999929e+00
1.092590689659118652e+01,5.999999999999999778e-02,0.000000000000000000e+00,2.919999999999999929e+00
1.095450115203857422e+01,5.999999999999999778e-02,0.000000000000000000e+00,2.910000000000000142e+00
1.098339366912841797e+01,5.999999999999999778e-02,0.000000000000000000e+00,2.919999999999999929e+00
1.100893402099609375e+01,5.000000000000000278e-02,0.000000000000000000e+00,2.910000000000000142e+00
1.103923749923706055e+01,5.000000000000000278e-02,0.000000000000000000e+00,2.910000000000000142e+00
1.106883382797241211e+01,5.000000000000000278e-02,0.000000000000000000e+00,2.910000000000000142e+00
1.109782028198242188e+01,5.999999999999999778e-02,0.000000000000000000e+00,2.919999999999999929e+00
1.112347769737243652e+01,5.999999999999999778e-02,0.000000000000000000e+00,2.919999999999999929e+00
1.115372610092163086e+01,5.000000000000000278e-02,0.000000000000000000e+00,2.919999999999999929e+00
1.118398928642272949e+01,5.999999999999999778e-02,0.000000000000000000e+00,2.919999999999999929e+00
1.121288275718688965e+01,5.999999999999999778e-02,0.000000000000000000e+00,2.910000000000000142e+00
1.124099779129028320e+01,5.000000000000000278e-02,0.000000000000000000e+00,2.910000000000000142e+00
1.126767706871032715e+01,5.999999999999999778e-02,0.000000000000000000e+00,2.919999999999999929e+00
1.129640054702758789e+01,5.999999999999999778e-02,0.000000000000000000e+00,2.919999999999999929e+00
1.132562708854675293e+01,5.999999999999999778e-02,0.000000000000000000e+00,2.899999999999999911e+00
1.135651063919067383e+01,5.000000000000000278e-02,0.000000000000000000e+00,2.910000000000000142e+00
1.138211393356323242e+01,5.000000000000000278e-02,0.000000000000000000e+00,2.910000000000000142e+00
1.141218543052673340e+01,5.999999999999999778e-02,0.000000000000000000e+00,2.910000000000000142e+00
1.144151139259338379e+01,5.000000000000000278e-02,0.000000000000000000e+00,2.910000000000000142e+00
1.146893239021301270e+01,5.000000000000000278e-02,0.000000000000000000e+00,2.899999999999999911e+00
1.149877643585205078e+01,5.000000000000000278e-02,0.000000000000000000e+00,2.919999999999999929e+00
1.152630972862243652e+01,5.000000000000000278e-02,0.000000000000000000e+00,2.910000000000000142e+00
1.155672717094421387e+01,5.999999999999999778e-02,0.000000000000000000e+00,2.919999999999999929e+00
